-- -- Services tab
-- Inserting all listings from services tab. A listing has a name and a type.
insert into ServiceListing values ('Belt Replacement','r');
insert into ServiceListing values ('Engine Repair','r');
insert into ServiceListing values ('Exhaust Repair','r');
insert into ServiceListing values ('Muffler Repair','r');
insert into ServiceListing values ('Alternator Repair','r');
insert into ServiceListing values ('Power Lock Repair','r');
insert into ServiceListing values ('Axle Repair','r');
insert into ServiceListing values ('Tire Balancing','r');
insert into ServiceListing values ('Wheel Alignment','r');
insert into ServiceListing values ('Compressor Repair','r');

insert into ServiceListing values ('Evaporator Repair','mr');
insert into ServiceListing values ('Brake Repair','mr');

insert into ServiceListing values ('Oil Changes','m');
insert into ServiceListing values ('Filter Replacements','m');
insert into ServiceListing values ('Check Engine Light Diagnostics','m');
insert into ServiceListing values ('Suspension Repair','m');

-- Each item with a Service ID is put in to Services with its time
insert into Services values (101, 1);
insert into Services values (102, 5);
insert into Services values (103, 4);
insert into Services values (104, 2);
insert into Services values (105, 4);
insert into Services values (106, 5);
insert into Services values (107, 7);
insert into Services values (108, 3);
insert into Services values (109, 2);
insert into Services values (110, 1);
insert into Services values (111, 3);
insert into Services values (112, 4);
insert into Services values (113, 3);
insert into Services values (114, 6);
insert into Services values (115, 9);

-- Schedules have ServiceListings
insert into ScheduleHasService values (113, 'Oil Changes');
insert into ScheduleHasService values (113, 'Filter Replacements');
insert into ScheduleHasService values (114, 'Oil Changes');
insert into ScheduleHasService values (114, 'Filter Replacements');
insert into ScheduleHasService values (114, 'Brake Repair');
insert into ScheduleHasService values (114, 'Check Engine Light Diagnostics');
insert into ScheduleHasService values (115, 'Oil Changes');
insert into ScheduleHasService values (115, 'Filter Replacements');
insert into ScheduleHasService values (115, 'Brake Repair');
insert into ScheduleHasService values (115, 'Check Engine Light Diagnostics');
insert into ScheduleHasService values (115, 'Suspension Repair');
insert into ScheduleHasService values (115, 'Evaporator Repair');

-- Repair Services have a category
insert into RepairService values (101, 'Engine Services');
insert into RepairService values (102, 'Engine Services');
insert into RepairService values (103, 'Exhaust Services');
insert into RepairService values (104, 'Exhaust Services');
insert into RepairService values (105, 'Electrical Services');
insert into RepairService values (106, 'Electrical Services');
insert into RepairService values (107, 'Transmission Services');
insert into RepairService values (108, 'Transmission Services');
insert into RepairService values (109, 'Tire Services');
insert into RepairService values (110, 'Tire Services');
insert into RepairService values (111, 'Heating and A/C Services');
insert into RepairService values (112, 'Heating and A/C Services');

-- Mapping RepairServices to ServiceListing (1:1 relaitionship)
insert into ServiceListingIsARepairService values(101, 'Belt Replacement');
insert into ServiceListingIsARepairService values(102, 'Engine Repair');
insert into ServiceListingIsARepairService values(103, 'Exhaust Repair');
insert into ServiceListingIsARepairService values(104, 'Muffler Repair');
insert into ServiceListingIsARepairService values(105, 'Alternator Repair');
insert into ServiceListingIsARepairService values(106, 'Power Lock Repair');
insert into ServiceListingIsARepairService values(107, 'Axle Repair');
insert into ServiceListingIsARepairService values(108, 'Brake Repair');
insert into ServiceListingIsARepairService values(109, 'Tire Balancing');
insert into ServiceListingIsARepairService values(110, 'Wheel Alignment');
insert into ServiceListingIsARepairService values(111, 'Compressor Repair');
insert into ServiceListingIsARepairService values(112, 'Evaporator Repair');

-- Inserting vehicle models that can be serviced 
insert into ServiceableVehicles values ('Honda');
insert into ServiceableVehicles values ('Nissan');
insert into ServiceableVehicles values ('Toyota');

-- Filling the service table which includes price for each service at each service center associated with each Vehicle 
-- How to insert 1096 records easily?
insert into service values ( 'Honda', 101, 30001, 140);
insert into service values ( 'Nissan', 101, 30001, 175);
insert into service values ( 'Toyota', 101, 30001, 160);
insert into service values ( 'Honda', 102, 30001, 400);
insert into service values ( 'Nissan', 102, 30001, 500);
insert into service values ( 'Toyota', 102, 30001, 450);
insert into service values ( 'Honda', 103, 30001, 590);
insert into service values ( 'Nissan', 103, 30001, 700);
insert into service values ( 'Toyota', 103, 30001, 680);
insert into service values ( 'Honda', 104, 30001, 140);
insert into service values ( 'Nissan', 104, 30001, 175);
insert into service values ( 'Toyota', 104, 30001, 160);
insert into service values ( 'Honda', 105, 30001, 400);
insert into service values ( 'Nissan', 105, 30001, 500);
insert into service values ( 'Toyota', 105, 30001, 450);
insert into service values ( 'Honda', 106, 30001, 400);
insert into service values ( 'Nissan', 106, 30001, 500);
insert into service values ( 'Toyota', 106, 30001, 450);
insert into service values ( 'Honda', 107, 30001, 1000);
insert into service values ( 'Nissan', 107, 30001, 1200);
insert into service values ( 'Toyota', 107, 30001, 1100);
insert into service values ( 'Honda', 108, 30001, 400);
insert into service values ( 'Nissan', 108, 30001, 500);
insert into service values ( 'Toyota', 108, 30001, 450);
insert into service values ( 'Honda', 109, 30001, 50);
insert into service values ( 'Nissan', 109, 30001, 70);
insert into service values ( 'Toyota', 109, 30001, 60);
insert into service values ( 'Honda', 110, 30001, 140);
insert into service values ( 'Nissan', 110, 30001, 175);
insert into service values ( 'Toyota', 110, 30001, 160);
insert into service values ( 'Honda', 111, 30001, 590);
insert into service values ( 'Nissan', 111, 30001, 700);
insert into service values ( 'Toyota', 111, 30001, 680);
insert into service values ( 'Honda', 112, 30001, 400);
insert into service values ( 'Nissan', 112, 30001, 500);
insert into service values ( 'Toyota', 112, 30001, 450);
insert into service values ( 'Honda', 113, 30001, 120);
insert into service values ( 'Nissan', 113, 30001, 190);
insert into service values ( 'Toyota', 113, 30001, 200);
insert into service values ( 'Honda', 114, 30001, 195);
insert into service values ( 'Nissan', 114, 30001, 210);
insert into service values ( 'Toyota', 114, 30001, 215);
insert into service values ( 'Honda', 115, 30001, 300);
insert into service values ( 'Nissan', 115, 30001, 310);
insert into service values ( 'Toyota', 115, 30001, 305);
insert into service values ( 'Honda', 101, 30002, 160);
insert into service values ( 'Nissan', 101, 30002, 195);
insert into service values ( 'Toyota', 101, 30002, 180);
insert into service values ( 'Honda', 102, 30002, 420);
insert into service values ( 'Nissan', 102, 30002, 520);
insert into service values ( 'Toyota', 102, 30002, 470);
insert into service values ( 'Honda', 103, 30002, 610);
insert into service values ( 'Nissan', 103, 30002, 720);
insert into service values ( 'Toyota', 103, 30002, 700);
insert into service values ( 'Honda', 104, 30002, 160);
insert into service values ( 'Nissan', 104, 30002, 195);
insert into service values ( 'Toyota', 104, 30002, 180);
insert into service values ( 'Honda', 105, 30002, 420);
insert into service values ( 'Nissan', 105, 30002, 520);
insert into service values ( 'Toyota', 105, 30002, 470);
insert into service values ( 'Honda', 106, 30002, 420);
insert into service values ( 'Nissan', 106, 30002, 520);
insert into service values ( 'Toyota', 106, 30002, 470);
insert into service values ( 'Honda', 107, 30002, 1020);
insert into service values ( 'Nissan', 107, 30002, 1220);
insert into service values ( 'Toyota', 107, 30002, 1120);
insert into service values ( 'Honda', 108, 30002, 420);
insert into service values ( 'Nissan', 108, 30002, 520);
insert into service values ( 'Toyota', 108, 30002, 470);
insert into service values ( 'Honda', 109, 30002, 70);
insert into service values ( 'Nissan', 109, 30002, 90);
insert into service values ( 'Toyota', 109, 30002, 80);
insert into service values ( 'Honda', 110, 30002, 160);
insert into service values ( 'Nissan', 110, 30002, 195);
insert into service values ( 'Toyota', 110, 30002, 180);
insert into service values ( 'Honda', 111, 30002, 610);
insert into service values ( 'Nissan', 111, 30002, 720);
insert into service values ( 'Toyota', 111, 30002, 700);
insert into service values ( 'Honda', 112, 30002, 420);
insert into service values ( 'Nissan', 112, 30002, 520);
insert into service values ( 'Toyota', 112, 30002, 470);
insert into service values ( 'Honda', 113, 30002, 125);
insert into service values ( 'Nissan', 113, 30002, 195);
insert into service values ( 'Toyota', 113, 30002, 205);
insert into service values ( 'Honda', 114, 30002, 200);
insert into service values ( 'Nissan', 114, 30002, 215);
insert into service values ( 'Toyota', 114, 30002, 220);
insert into service values ( 'Honda', 115, 30002, 305);
insert into service values ( 'Nissan', 115, 30002, 315);
insert into service values ( 'Toyota', 115, 30002, 310);
insert into service values ( 'Honda', 101, 30003, 175);
insert into service values ( 'Nissan', 101, 30003, 210);
insert into service values ( 'Toyota', 101, 30003, 195);
insert into service values ( 'Honda', 102, 30003, 435);
insert into service values ( 'Nissan', 102, 30003, 535);
insert into service values ( 'Toyota', 102, 30003, 485);
insert into service values ( 'Honda', 103, 30003, 625);
insert into service values ( 'Nissan', 103, 30003, 735);
insert into service values ( 'Toyota', 103, 30003, 715);
insert into service values ( 'Honda', 104, 30003, 175);
insert into service values ( 'Nissan', 104, 30003, 210);
insert into service values ( 'Toyota', 104, 30003, 195);
insert into service values ( 'Honda', 105, 30003, 435);
insert into service values ( 'Nissan', 105, 30003, 535);
insert into service values ( 'Toyota', 105, 30003, 485);
insert into service values ( 'Honda', 106, 30003, 435);
insert into service values ( 'Nissan', 106, 30003, 535);
insert into service values ( 'Toyota', 106, 30003, 485);
insert into service values ( 'Honda', 107, 30003, 1035);
insert into service values ( 'Nissan', 107, 30003, 1235);
insert into service values ( 'Toyota', 107, 30003, 1135);
insert into service values ( 'Honda', 108, 30003, 435);
insert into service values ( 'Nissan', 108, 30003, 535);
insert into service values ( 'Toyota', 108, 30003, 485);
insert into service values ( 'Honda', 109, 30003, 85);
insert into service values ( 'Nissan', 109, 30003, 105);
insert into service values ( 'Toyota', 109, 30003, 95);
insert into service values ( 'Honda', 110, 30003, 175);
insert into service values ( 'Nissan', 110, 30003, 210);
insert into service values ( 'Toyota', 110, 30003, 195);
insert into service values ( 'Honda', 111, 30003, 625);
insert into service values ( 'Nissan', 111, 30003, 735);
insert into service values ( 'Toyota', 111, 30003, 715);
insert into service values ( 'Honda', 112, 30003, 435);
insert into service values ( 'Nissan', 112, 30003, 535);
insert into service values ( 'Toyota', 112, 30003, 485);
insert into service values ( 'Honda', 113, 30003, 140);
insert into service values ( 'Nissan', 113, 30003, 180);
insert into service values ( 'Toyota', 113, 30003, 195);
insert into service values ( 'Honda', 114, 30003, 210);
insert into service values ( 'Nissan', 114, 30003, 220);
insert into service values ( 'Toyota', 114, 30003, 215);
insert into service values ( 'Honda', 115, 30003, 310);
insert into service values ( 'Nissan', 115, 30003, 305);
insert into service values ( 'Toyota', 115, 30003, 310);

-- Creating relevant service events
insert into ServiceEvent values (10501, 'P39VN198', 30003, 'Nissan', 110, 12 ,123405678, 1);
insert into ServiceEvent values (10010, '39YVS415', 30003, 'Honda', 101, 12 ,123450678, 2);
insert into ServiceEvent values (10062, '29T56WC3', 30003, 'Nissan', 109, 1 ,123456780, 3);
insert into ServiceEvent values (10035, '9R2UHP54', 30002, 'Honda', 105, 112 ,423186759, 4);
insert into ServiceEvent values (10053, '5TR3K914', 30002, 'Nissan', 111, 80 ,125689347, 5);
insert into ServiceEvent values (10010, '15DC9A87', 30002, 'Toyota', 114, 134 ,789123456, 6);
insert into ServiceEvent values (10001, '18S5R2D8', 30002, 'Nissan', 113, 203 ,125689347, 7);